policy,reward_mean,reward_std,delay_mean,delay_std,drop_rate_mean,drop_rate_std,offload_rate_mean,offload_rate_std,energy_mean,energy_std,load_name,load_factor,task_min_bits,task_max_bits,avg_task_mbits
mappo,-140.463325,3.167247164435544,140.463325,3.167247164435545,0.09292500000000001,0.012069097936465675,0.8417999999999999,0.015933769171166002,1.234314903521538,0.11140329740448592,load_01,0.7,1050000.0,4200000.0,2.625
pruned_p10,-139.157075,2.711171640292267,139.157075,2.7111716402922545,0.13045,0.010373523991392705,0.7896,0.014695747684279283,1.5983814929753537,0.09977049079338866,load_01,0.7,1050000.0,4200000.0,2.625
distilled_p10,-140.46954999999997,3.153977119844083,140.46955,3.1539771198440874,0.09282499999999999,0.012067026352834404,0.8419500000000001,0.016021782048199262,1.2327117714434863,0.11452502215218127,load_01,0.7,1050000.0,4200000.0,2.625
pruned_p25,-140.13515,3.0788275024755754,140.13515,3.0788275024755745,0.100125,0.01027512165378104,0.8296250000000001,0.014678321600237545,1.3215871367752552,0.11627095003028329,load_01,0.7,1050000.0,4200000.0,2.625
distilled_p25,-140.52329999999998,3.1166147476067665,140.5233,3.1166147476067683,0.0932,0.011792900406600575,0.8417250000000002,0.01592343006390269,1.2316910502940417,0.11477175960190122,load_01,0.7,1050000.0,4200000.0,2.625
pruned_p40,-142.768475,3.5511340467694206,142.768475,3.5511340467694272,0.051975,0.01509157463620016,0.89685,0.021934903692517087,0.8856168627619744,0.10760748835632025,load_01,0.7,1050000.0,4200000.0,2.625
distilled_p40,-140.559,3.0881913294839753,140.559,3.088191329483976,0.093225,0.012106532327632053,0.84185,0.015961359591212778,1.232294241461158,0.11187904828971314,load_01,0.7,1050000.0,4200000.0,2.625
pruned_p50,-140.03437499999998,2.9443545690227286,140.034375,2.944354569022726,0.10462500000000001,0.00937166607386328,0.8229500000000002,0.013373855091184453,1.3799155406355856,0.09695454492928504,load_01,0.7,1050000.0,4200000.0,2.625
distilled_p50,-140.5331,3.0640435930319248,140.5331,3.0640435930319283,0.09282499999999999,0.011863310035567644,0.842325,0.015674441776344063,1.2317743276000024,0.11474549225694884,load_01,0.7,1050000.0,4200000.0,2.625
offload,-156.33870000000002,3.7985540420007236,156.33870000000002,3.7985540420007182,0.005924999999999999,0.0026670442441024487,1.0,0.0,0.5935857180804014,0.008867307804991674,load_01,0.7,1050000.0,4200000.0,2.625
greedy,-166.08739999999997,1.4248697712422824,166.0874,1.4248697712422722,0.5364499999999999,0.004804685213414086,0.26089999999999997,0.0009695359714832654,4.614927723991872,0.026642275562451214,load_01,0.7,1050000.0,4200000.0,2.625
local,-231.65950000000018,1.2459708313198838,231.6595,1.2459708313198998,0.7437,0.004873140671066247,0.0,0.0,4.950408114886283,0.004165316486532927,load_01,0.7,1050000.0,4200000.0,2.625
random,-160.29399999999998,1.9365784259874237,160.29399999999998,1.9365784259874426,0.36572499999999997,0.01513293180451164,0.49774999999999997,0.0186748493969831,4.051260437285901,0.20363730313415496,load_01,0.7,1050000.0,4200000.0,2.625
mappo,-141.83719999999997,2.8611106514778553,141.8372,2.8611106514778495,0.111525,0.011320032022922904,0.8268,0.01462267075468772,1.3528302922278643,0.11235826148995161,load_02,0.75,1125000.0,4500000.0,2.8125
pruned_p10,-140.91952499999996,2.643957200982091,140.919525,2.643957200982083,0.148425,0.011744174087606163,0.7760750000000001,0.016165182492010415,1.7101512814432382,0.11005178130707505,load_02,0.75,1125000.0,4500000.0,2.8125
distilled_p10,-141.886,2.8717008135423887,141.886,2.8717008135423856,0.11102500000000001,0.011257469742353296,0.8276249999999998,0.01441624517688291,1.3472490337699652,0.11033123312159211,load_02,0.75,1125000.0,4500000.0,2.8125
pruned_p25,-141.666025,2.7232145376604078,141.666025,2.723214537660408,0.12117499999999998,0.009944879335617905,0.8111999999999999,0.01353920233987217,1.4769290778398516,0.10834484217945435,load_02,0.75,1125000.0,4500000.0,2.8125
distilled_p25,-141.835925,2.891673183578156,141.835925,2.8916731835781517,0.11137499999999999,0.010903697767271433,0.8270000000000001,0.013858661551535196,1.3488749653309582,0.10803766250840298,load_02,0.75,1125000.0,4500000.0,2.8125
pruned_p40,-143.017125,3.1406603132343096,143.017125,3.140660313234303,0.0799,0.012338557452149745,0.867475,0.01762187915632156,1.0548790899991989,0.10968318183148063,load_02,0.75,1125000.0,4500000.0,2.8125
distilled_p40,-141.88,2.8767490657858925,141.88,2.8767490657858916,0.11084999999999999,0.011590513362228612,0.8279,0.014657421328460204,1.3428226428329944,0.11355079953982626,load_02,0.75,1125000.0,4500000.0,2.8125
pruned_p50,-141.62175,2.6737548036422356,141.62174999999996,2.673754803642249,0.1254,0.009458593975850745,0.8047249999999998,0.013659451855766402,1.526945236834884,0.10348082079145923,load_02,0.75,1125000.0,4500000.0,2.8125
distilled_p50,-141.86737499999998,2.970101495003999,141.86737499999998,2.9701014950040006,0.11019999999999999,0.012438247464976728,0.828525,0.01567380378210726,1.3375455911487342,0.11870642784882678,load_02,0.75,1125000.0,4500000.0,2.8125
offload,-156.99545,3.694253136291563,156.99545,3.694253136291557,0.01095,0.0033593154064481654,1.0,0.0,0.5935857180804014,0.008867307804991674,load_02,0.75,1125000.0,4500000.0,2.8125
greedy,-169.083725,1.3437264530495183,169.083725,1.3437264530495039,0.5463,0.004749736834815172,0.26175,0.001172603939955859,4.602999984574318,0.027684312857307256,load_02,0.75,1125000.0,4500000.0,2.8125
local,-235.35960000000014,1.2036781764657596,235.3596,1.203678176465788,0.7581249999999998,0.004658661288396057,0.0,0.0,4.950408114886283,0.004165316486532927,load_02,0.75,1125000.0,4500000.0,2.8125
random,-163.29382499999997,1.8500244662233662,163.293825,1.850024466223353,0.369525,0.014395941268288085,0.503175,0.018571163803057684,3.945673297548294,0.2602879862835411,load_02,0.75,1125000.0,4500000.0,2.8125
mappo,-143.40212499999998,2.8489296043645966,143.40212499999998,2.8489296043645926,0.12932499999999997,0.01176650436620834,0.8131499999999999,0.015262781528935012,1.4470313627839086,0.12307389855265052,load_03,0.7999999999999999,1200000.0,4800000.0,3.0
pruned_p10,-142.90785,2.4160934253459625,142.90784999999997,2.416093425345964,0.1672,0.011631208019806025,0.762275,0.015789019127228906,1.8234874478727583,0.10911942609465795,load_03,0.7999999999999999,1200000.0,4800000.0,3.0
distilled_p10,-143.42315,2.8494288927783424,143.42315,2.8494288927783393,0.12897499999999998,0.011735869162529035,0.8136999999999999,0.015303104260247323,1.445124157565832,0.12241887912789427,load_03,0.7999999999999999,1200000.0,4800000.0,3.0
pruned_p25,-143.41809999999998,2.729217186758866,143.41809999999998,2.7292171867588713,0.13882500000000003,0.009687008052025143,0.797625,0.014324912739699328,1.5932490454405548,0.11975488775104998,load_03,0.7999999999999999,1200000.0,4800000.0,3.0
distilled_p25,-143.457025,2.844554742068611,143.457025,2.844554742068607,0.129125,0.011514257466289347,0.8136749999999999,0.014904718212700294,1.4457333698540924,0.11877988510841501,load_03,0.7999999999999999,1200000.0,4800000.0,3.0
pruned_p40,-144.0951,2.987189438251287,144.0951,2.987189438251281,0.10392500000000002,0.013500023148128305,0.844225,0.0186495475816439,1.214458379355073,0.12850423241492512,load_03,0.7999999999999999,1200000.0,4800000.0,3.0
distilled_p40,-143.43595,2.8321803389791373,143.43595,2.8321803389791405,0.1284,0.01110472872248575,0.81465,0.014335358384079556,1.4442186550855638,0.11289893934833937,load_03,0.7999999999999999,1200000.0,4800000.0,3.0
pruned_p50,-143.468325,2.5844122834069996,143.468325,2.584412283407003,0.141975,0.009769499731306612,0.7923749999999999,0.014272460369536853,1.6245499713599683,0.10720461550523046,load_03,0.7999999999999999,1200000.0,4800000.0,3.0
distilled_p50,-143.542675,2.841162944222842,143.542675,2.8411629442228397,0.127675,0.011222215690317129,0.816075,0.014422226769816098,1.4353246463418006,0.11123104533370481,load_03,0.7999999999999999,1200000.0,4800000.0,3.0
offload,-157.8612,3.638942007644535,157.8612,3.63894200764453,0.017175,0.00371491924542109,1.0,0.0,0.5935857180804014,0.008867307804991674,load_03,0.7999999999999999,1200000.0,4800000.0,3.0
greedy,-172.0283999999999,1.1432329169946038,172.02840000000003,1.143232916994608,0.555925,0.0039434280771937485,0.26259999999999994,0.0010851267207105351,4.597515289223193,0.02681404984943765,load_03,0.7999999999999999,1200000.0,4800000.0,3.0
local,-238.37882500000015,1.2888201826185623,238.378825,1.2888201826185834,0.7695000000000001,0.005147815070493499,0.0,0.0,4.950408114886283,0.004165316486532927,load_03,0.7999999999999999,1200000.0,4800000.0,3.0
random,-165.21110000000002,1.8374723406081577,165.21110000000002,1.8374723406081521,0.3783750000000001,0.015135327052957925,0.5008999999999999,0.019538487658977085,3.9813043769240375,0.27431978260133155,load_03,0.7999999999999999,1200000.0,4800000.0,3.0
mappo,-145.08182499999998,2.643847896650826,145.08182499999998,2.6438478966508296,0.14482499999999998,0.010612522084782671,0.8026249999999999,0.01465914816761192,1.5323452385425569,0.10919910776169658,load_04,0.85,1275000.0,5100000.0,3.1875
pruned_p10,-144.79942499999999,2.2988746596160814,144.79942499999999,2.29887465961609,0.1814,0.0123025403880662,0.7528999999999999,0.01765014164249114,1.8848588772803543,0.11469043301483209,load_04,0.85,1275000.0,5100000.0,3.1875
distilled_p10,-145.08237499999998,2.6481943170064026,145.08237499999998,2.6481943170064044,0.14482499999999998,0.010488118277365104,0.8026000000000001,0.014585609346201484,1.531047093135118,0.10852540333451162,load_04,0.85,1275000.0,5100000.0,3.1875
pruned_p25,-145.325075,2.492082906551274,145.32507500000003,2.4920829065512646,0.15595,0.011007270324653613,0.784725,0.01603178483513299,1.6967737898528574,0.1269888836614078,load_04,0.85,1275000.0,5100000.0,3.1875
distilled_p25,-145.0642,2.6935869992446877,145.0642,2.693586999244689,0.1458,0.010638256436089514,0.80125,0.014696938456699072,1.540917074275017,0.10878735298868257,load_04,0.85,1275000.0,5100000.0,3.1875
pruned_p40,-145.42737499999998,2.685484433137717,145.427375,2.685484433137717,0.125375,0.010438061362149583,0.8242249999999999,0.014265101647026563,1.3675050547271967,0.12156578284005103,load_04,0.85,1275000.0,5100000.0,3.1875
distilled_p40,-145.01495,2.656685281511529,145.01494999999997,2.6566852815115305,0.14375,0.010065411069598695,0.8036499999999998,0.013785952995712704,1.5260259245991707,0.10805473429255834,load_04,0.85,1275000.0,5100000.0,3.1875
pruned_p50,-145.44297499999996,2.361759684139139,145.44297500000002,2.3617596841391375,0.1597,0.012233560397529413,0.7784500000000001,0.017079885831000157,1.7444023317337034,0.11439980536899526,load_04,0.85,1275000.0,5100000.0,3.1875
distilled_p50,-145.06697499999999,2.6072590383628973,145.066975,2.607259038362896,0.143025,0.01053592070015715,0.8049250000000001,0.013911348784355891,1.5172469596117732,0.10578524968199801,load_04,0.85,1275000.0,5100000.0,3.1875
offload,-158.68825,3.53922215147623,158.68825,3.5392221514762245,0.023225000000000003,0.004664292550859133,1.0,0.0,0.5935857180804014,0.008867307804991674,load_04,0.85,1275000.0,5100000.0,3.1875
greedy,-174.40779999999992,1.0955592053832568,174.40779999999998,1.0955592053832597,0.5636249999999999,0.003667850187780295,0.2637,0.0014568802284333473,4.590418891763687,0.02698574875216777,load_04,0.85,1275000.0,5100000.0,3.1875
local,-241.14665000000008,0.9462387859309028,241.14664999999997,0.9462387859309107,0.780075,0.0036004340016170186,0.0,0.0,4.950408114886283,0.004165316486532927,load_04,0.85,1275000.0,5100000.0,3.1875
random,-166.90085,1.8858939763411833,166.90085,1.8858939763411944,0.3847750000000001,0.013383034969692035,0.5012249999999999,0.017268993166945197,4.003803640305996,0.23583314100789116,load_04,0.85,1275000.0,5100000.0,3.1875
mappo,-147.29467499999998,2.416025995953903,147.294675,2.416025995953892,0.16305,0.011508583753008013,0.7924999999999999,0.01473304109815757,1.6126787060201169,0.11293081641867886,load_05,0.9,1350000.0,5400000.0,3.375
pruned_p10,-147.415125,2.246466604052914,147.41512500000002,2.246466604052908,0.20087500000000003,0.010828925385281773,0.741175,0.014623205018052643,1.9735281940728424,0.09496873065128025,load_05,0.9,1350000.0,5400000.0,3.375
distilled_p10,-147.2976,2.4145516255611614,147.2976,2.4145516255611503,0.16335,0.01143033245360781,0.7921749999999999,0.014609093914408242,1.6172200536429884,0.1092668196251485,load_05,0.9,1350000.0,5400000.0,3.375
pruned_p25,-147.599825,2.231473182255396,147.599825,2.2314731822553906,0.17337500000000003,0.012435458375146449,0.7744500000000001,0.01684332211886954,1.782352274680138,0.11679428813254607,load_05,0.9,1350000.0,5400000.0,3.375
distilled_p25,-147.3047,2.4381805660164053,147.3047,2.438180566016388,0.163175,0.011297704412844231,0.7923749999999999,0.014424913344627066,1.6141916816294195,0.11006357641052282,load_05,0.9,1350000.0,5400000.0,3.375
pruned_p40,-147.77865,2.521843730785082,147.77865,2.5218437307850787,0.147275,0.01083884795538714,0.8084499999999999,0.013408392894004858,1.4855353125363586,0.10854611635816686,load_05,0.9,1350000.0,5400000.0,3.375
distilled_p40,-147.3026,2.4038176906745696,147.3026,2.403817690674565,0.16295,0.01149119227930679,0.792675,0.015008351841558087,1.6129493268579245,0.11254529469317456,load_05,0.9,1350000.0,5400000.0,3.375
pruned_p50,-147.909525,2.301789804831242,147.909525,2.30178980483123,0.17805000000000004,0.012237646832622684,0.7674500000000001,0.016981534088532757,1.8401390254586933,0.12244725537870485,load_05,0.9,1350000.0,5400000.0,3.375
distilled_p50,-147.3097,2.426207824981201,147.3097,2.4262078249811982,0.161275,0.010975797237558647,0.7950499999999999,0.01404670779933861,1.597344846189022,0.11734511953459338,load_05,0.9,1350000.0,5400000.0,3.375
offload,-160.2883,3.3801386968584626,160.2883,3.3801386968584577,0.03465,0.0057447802394869725,1.0,0.0,0.5935857180804014,0.008867307804991674,load_05,0.9,1350000.0,5400000.0,3.375
greedy,-176.75709999999995,1.1612735315161589,176.75709999999995,1.1612735315161535,0.5714999999999999,0.003992179855667831,0.2641,0.0010908712114635734,4.583570258164405,0.028594239829489713,load_05,0.9,1350000.0,5400000.0,3.375
local,-243.79165,1.0357010439793828,243.79165,1.0357010439793906,0.7907499999999998,0.003913118960624631,0.0,0.0,4.950408114886283,0.004165316486532927,load_05,0.9,1350000.0,5400000.0,3.375
random,-168.455875,1.6164750471705396,168.45587500000002,1.6164750471705396,0.3879500000000001,0.013864883699476171,0.5028250000000001,0.01630722615897627,3.9665783061027526,0.24272584548579862,load_05,0.9,1350000.0,5400000.0,3.375
mappo,-150.020725,2.3045058864374752,150.020725,2.3045058864374806,0.181225,0.011972598924210234,0.7853249999999999,0.015247561280414636,1.670812542256713,0.10510428151587413,load_06,0.95,1425000.0,5700000.0,3.5625
pruned_p10,-150.16454999999996,1.942006416698974,150.16455,1.9420064166989774,0.2181,0.010762318523440942,0.7338000000000001,0.014737197834052435,2.033227011722326,0.09601370451532813,load_06,0.95,1425000.0,5700000.0,3.5625
distilled_p10,-150.01444999999998,2.302663772134342,150.01445,2.302663772134351,0.18097499999999997,0.0118434844957048,0.78565,0.014862368586466954,1.6683573150664566,0.10328061474912452,load_06,0.95,1425000.0,5700000.0,3.5625
pruned_p25,-150.43174999999997,2.408056711333841,150.43175,2.408056711333849,0.1901,0.010295144486601439,0.7680499999999999,0.014656824349087355,1.8286061246961356,0.11108712293009401,load_06,0.95,1425000.0,5700000.0,3.5625
distilled_p25,-150.01825,2.2599072989837343,150.01825,2.259907298983744,0.18159999999999996,0.011494672679115314,0.7848,0.014856311789943013,1.6722573121249675,0.1055294780625652,load_06,0.95,1425000.0,5700000.0,3.5625
pruned_p40,-150.512575,2.28049701833285,150.512575,2.2804970183328432,0.16965000000000002,0.01237194406712219,0.7946500000000001,0.01595117550527233,1.5940589637219904,0.12275275117756473,load_06,0.95,1425000.0,5700000.0,3.5625
distilled_p40,-149.969175,2.2551075308341595,149.969175,2.255107530834171,0.18055,0.011413150310059007,0.7861,0.014481971550862815,1.663398729893565,0.10351713104568701,load_06,0.95,1425000.0,5700000.0,3.5625
pruned_p50,-150.64667499999996,2.2131874300711543,150.646675,2.2131874300711636,0.19662500000000002,0.011292281656069336,0.7568249999999999,0.01617329975607946,1.9143080067127942,0.11369136246183296,load_06,0.95,1425000.0,5700000.0,3.5625
distilled_p50,-150.00084999999999,2.2710439702920673,150.00085,2.2710439702920757,0.17957499999999996,0.010728495933727152,0.7878250000000001,0.013722267487554668,1.6517113273262978,0.09372276359456062,load_06,0.95,1425000.0,5700000.0,3.5625
offload,-162.286525,3.2068750491132296,162.286525,3.206875049113232,0.04939999999999999,0.007229453644640098,1.0,0.0,0.5935857180804014,0.008867307804991674,load_06,0.95,1425000.0,5700000.0,3.5625
greedy,-178.74302500000002,1.0606773216322736,178.74302500000002,1.060677321632266,0.5779749999999999,0.003639110468232585,0.26497499999999996,0.0012621905561364351,4.576242760360241,0.02844977491438602,load_06,0.95,1425000.0,5700000.0,3.5625
local,-246.30257499999985,1.0818661657640518,246.30257500000005,1.081866165764047,0.8007750000000001,0.004045753947041267,0.0,0.0,4.950408114886283,0.004165316486532927,load_06,0.95,1425000.0,5700000.0,3.5625
random,-169.982075,1.6712353703548182,169.982075,1.6712353703548168,0.398225,0.012952050995884782,0.49692499999999995,0.015819706855691104,3.993978288662434,0.22322338813730586,load_06,0.95,1425000.0,5700000.0,3.5625
mappo,-152.918475,2.2920423246801107,152.918475,2.2920423246801103,0.1997,0.011134293870740072,0.7787999999999999,0.014931008003480536,1.7137967144429682,0.10960752003188472,load_07,1.0,1500000.0,6000000.0,3.75
pruned_p10,-153.02884999999998,2.1058468433150477,153.02884999999998,2.1058468433150592,0.235375,0.010823152267246358,0.7272249999999998,0.012906611677740988,2.0793482499569653,0.08834796153488711,load_07,1.0,1500000.0,6000000.0,3.75
distilled_p10,-152.9358,2.291104861196887,152.9358,2.291104861196887,0.19954999999999998,0.011087041986030357,0.77905,0.014736349615830912,1.7125576267838476,0.10902825723977413,load_07,1.0,1500000.0,6000000.0,3.75
pruned_p25,-153.1752,2.1944588792000705,153.17520000000002,2.1944588792000648,0.209275,0.011118930928825843,0.758025,0.013910629928223959,1.9045920243322851,0.10993605683026451,load_07,1.0,1500000.0,6000000.0,3.75
distilled_p25,-152.92492499999997,2.28605711884568,152.924925,2.2860571188456764,0.20002499999999998,0.010972949694589873,0.7784749999999999,0.014222099880116156,1.7187947519391775,0.10725962466125642,load_07,1.0,1500000.0,6000000.0,3.75
pruned_p40,-153.55475,2.3466092825606957,153.55475,2.3466092825606917,0.19115000000000001,0.01241178875102215,0.7831,0.015718699055583443,1.6794635140269998,0.1285388148423091,load_07,1.0,1500000.0,6000000.0,3.75
distilled_p40,-152.93949999999998,2.334336629537391,152.93949999999998,2.3343366295373933,0.1991,0.011208367410109289,0.7801749999999998,0.014766960587744514,1.7093738525122402,0.11313184060463466,load_07,1.0,1500000.0,6000000.0,3.75
pruned_p50,-153.57344999999998,2.2352226617274606,153.57345,2.235222661727461,0.21414999999999998,0.01045657687773585,0.7503,0.014150000000000008,1.9757263549208641,0.10754621723350327,load_07,1.0,1500000.0,6000000.0,3.75
distilled_p50,-152.91995,2.30179853538489,152.91995,2.301798535384884,0.19842500000000002,0.01118260367714067,0.781125,0.014725084889398768,1.706578021338582,0.11331531531213473,load_07,1.0,1500000.0,6000000.0,3.75
offload,-164.6763,3.202972193525873,164.6763,3.20297219352588,0.067,0.008015609770940698,1.0,0.0,0.5935857180804014,0.008867307804991674,load_07,1.0,1500000.0,6000000.0,3.75
greedy,-180.72400000000002,1.0517699071089694,180.724,1.0517699071089663,0.5842499999999999,0.0035619517121937504,0.2659,0.0012257650672131257,4.565387753880024,0.03006478851471063,load_07,1.0,1500000.0,6000000.0,3.75
local,-248.55169999999987,0.9992292579783468,248.5517,0.9992292579783691,0.8094500000000001,0.0037927562537025724,0.0,0.0,4.950408114886283,0.004165316486532927,load_07,1.0,1500000.0,6000000.0,3.75
random,-170.9108,1.4724373025701156,170.91080000000002,1.4724373025701292,0.39764999999999995,0.012919558815996773,0.5020749999999999,0.01573930192225818,3.976306846189498,0.25973868628718755,load_07,1.0,1500000.0,6000000.0,3.75
mappo,-155.704975,2.440428823613786,155.704975,2.440428823613791,0.216875,0.0120681657678373,0.7739999999999999,0.016087650543196164,1.7536115169495343,0.1174510121161706,load_08,1.05,1575000.0,6300000.0,3.9375
pruned_p10,-156.037125,2.1365994923300424,156.037125,2.1365994923300433,0.251525,0.010566131032691198,0.7224499999999999,0.013585286158193358,2.12320842717886,0.09251917962090755,load_08,1.05,1575000.0,6300000.0,3.9375
distilled_p10,-155.731,2.455016204121671,155.731,2.4550162041216748,0.21652500000000002,0.011859305418109445,0.7745000000000001,0.016035117710824574,1.749755766507983,0.1198112959516907,load_08,1.05,1575000.0,6300000.0,3.9375
pruned_p25,-156.1859,2.346063938280458,156.1859,2.3460639382804556,0.22715,0.01021041135312383,0.7511999999999999,0.013214480693542214,1.9547054344594479,0.1032481736364985,load_08,1.05,1575000.0,6300000.0,3.9375
distilled_p25,-155.69659999999996,2.4194684984516726,155.6966,2.419468498451672,0.21687500000000004,0.011538657850894099,0.7738499999999999,0.015588136514670375,1.7573159570276735,0.12087822665118225,load_08,1.05,1575000.0,6300000.0,3.9375
pruned_p40,-156.36175,2.347720250583527,156.36175,2.3477202505835315,0.20995,0.01227538186778725,0.773425,0.01572182002822829,1.762358071953058,0.12614561288984052,load_08,1.05,1575000.0,6300000.0,3.9375
distilled_p40,-155.682075,2.4131867624833783,155.682075,2.413186762483376,0.21635,0.011365628007285829,0.7745499999999998,0.015606008458282982,1.7494861096769572,0.11677109732033865,load_08,1.05,1575000.0,6300000.0,3.9375
pruned_p50,-156.38094999999998,2.251989836233715,156.38095,2.251989836233724,0.230875,0.009217001952912885,0.7434000000000001,0.012103821710517715,2.026383802241087,0.1009887654900129,load_08,1.05,1575000.0,6300000.0,3.9375
distilled_p50,-155.73815000000002,2.451303712313097,155.73815000000002,2.451303712313104,0.2162,0.01150260839983697,0.7751249999999998,0.015928060930320422,1.745327273619175,0.12114023036241446,load_08,1.05,1575000.0,6300000.0,3.9375
offload,-167.1525,3.1730522372000083,167.1525,3.1730522372000136,0.085425,0.008191497115912327,1.0,0.0,0.5935857180804014,0.008867307804991674,load_08,1.05,1575000.0,6300000.0,3.9375
greedy,-182.49162500000006,1.085294638853899,182.491625,1.0852946388538933,0.589825,0.003648715527415093,0.266875,0.0013975424859373697,4.561664569103718,0.03031811573295521,load_08,1.05,1575000.0,6300000.0,3.9375
local,-250.61502499999983,1.0619322156451239,250.61502500000003,1.0619322156451425,0.8171499999999999,0.003968941924493228,0.0,0.0,4.950408114886283,0.004165316486532927,load_08,1.05,1575000.0,6300000.0,3.9375
random,-172.36884999999998,1.559566182468688,172.36884999999998,1.559566182468703,0.403125,0.015668938221845157,0.500075,0.018552981566314346,3.9806935647845267,0.25563714787763053,load_08,1.05,1575000.0,6300000.0,3.9375
mappo,-158.96755,2.3430777030435874,158.96755000000002,2.343077703043583,0.23725000000000002,0.011749999999999997,0.76575,0.016336309252704538,1.8144633270561696,0.12540056784614975,load_09,1.1,1650000.0000000002,6600000.000000001,4.125000000000001
pruned_p10,-158.961875,2.114903104311164,158.961875,2.1149031043111663,0.26722500000000005,0.010610401736032433,0.71815,0.012750588221725298,2.147898223245144,0.10251628175585893,load_09,1.1,1650000.0000000002,6600000.000000001,4.125000000000001
distilled_p10,-158.95715,2.3341348643555317,158.95715,2.3341348643555264,0.236925,0.011753217644543127,0.7661500000000001,0.01614357457318545,1.8115938141942025,0.12429654404551864,load_09,1.1,1650000.0000000002,6600000.000000001,4.125000000000001
pruned_p25,-159.25615,2.1954203589517864,159.25615000000002,2.19542035895179,0.24392500000000003,0.010310825621646405,0.74605,0.012423163848231255,1.9904410982877017,0.09610670171256834,load_09,1.1,1650000.0000000002,6600000.000000001,4.125000000000001
distilled_p25,-158.96925,2.3322062783982047,158.96925,2.3322062783982034,0.237,0.01179247641507075,0.766175,0.016614018929807444,1.8132757255911827,0.12307842743205194,load_09,1.1,1650000.0000000002,6600000.000000001,4.125000000000001
pruned_p40,-159.495025,2.349827074621683,159.495025,2.349827074621662,0.2284,0.011462002442854387,0.7656750000000001,0.015488322213848731,1.8190948572009802,0.12751814904812592,load_09,1.1,1650000.0000000002,6600000.000000001,4.125000000000001
distilled_p40,-158.918425,2.430613243221767,158.918425,2.4306132432217598,0.23635,0.012126520523216867,0.7667999999999999,0.01673910093165102,1.805155144348741,0.1261242591770466,load_09,1.1,1650000.0000000002,6600000.000000001,4.125000000000001
pruned_p50,-159.49669999999998,2.2183120942509515,159.49669999999998,2.2183120942509436,0.24915000000000004,0.009609370426828181,0.7358750000000001,0.012777543778050616,2.083846525043249,0.10609316999725753,load_09,1.1,1650000.0000000002,6600000.000000001,4.125000000000001
distilled_p50,-158.9298,2.345614476528482,158.9298,2.3456144765284876,0.23639999999999997,0.012386080897523638,0.766925,0.016705556710268594,1.804186966177821,0.12175302056304607,load_09,1.1,1650000.0000000002,6600000.000000001,4.125000000000001
offload,-169.941475,3.1394207934147627,169.941475,3.139420793414764,0.10565000000000001,0.008729404332484548,1.0,0.0,0.5935857180804014,0.008867307804991674,load_09,1.1,1650000.0000000002,6600000.000000001,4.125000000000001
greedy,-184.132875,0.9436670907290459,184.13287499999998,0.9436670907290334,0.5948,0.0032148094811356932,0.26739999999999997,0.0012951833846988664,4.551091964054107,0.03078838638253938,load_09,1.1,1650000.0000000002,6600000.000000001,4.125000000000001
local,-252.46137499999986,0.8825671451084905,252.461375,0.882567145108518,0.8238749999999999,0.0033564303955243863,0.0,0.0,4.950408114886283,0.004165316486532927,load_09,1.1,1650000.0000000002,6600000.000000001,4.125000000000001
random,-173.64525,1.510375656914522,173.64524999999998,1.5103756569145295,0.4075000000000001,0.01557040461902002,0.5004500000000001,0.01779353815293631,3.992975907158851,0.20230507031537556,load_09,1.1,1650000.0000000002,6600000.000000001,4.125000000000001
mappo,-162.0363,2.430708435312633,162.0363,2.4307084353126345,0.25605,0.012380327136227057,0.7595000000000001,0.016748134224444232,1.8554979057222607,0.12203059020002867,load_10,1.15,1724999.9999999998,6899999.999999999,4.312499999999999
pruned_p10,-161.9567,2.227384842141115,161.9567,2.2273848421411153,0.283475,0.0111166822838471,0.7137749999999999,0.012212928600462703,2.1807117776066063,0.0950899529254134,load_10,1.15,1724999.9999999998,6899999.999999999,4.312499999999999
distilled_p10,-162.024225,2.4470793291442345,162.024225,2.4470793291442354,0.255675,0.012148070834498788,0.760125,0.0164663482594047,1.8540414902150635,0.12201980362413162,load_10,1.15,1724999.9999999998,6899999.999999999,4.312499999999999
pruned_p25,-162.26762499999998,2.2874393605350427,162.26762499999998,2.28743936053505,0.260075,0.01081494914458686,0.7415500000000002,0.012709642009120472,2.027131097745895,0.10079615887307652,load_10,1.15,1724999.9999999998,6899999.999999999,4.312499999999999
distilled_p25,-162.00177499999998,2.4173974783069845,162.001775,2.417397478306991,0.256025,0.012593872518014465,0.7594249999999999,0.0167988280841254,1.8579709882974627,0.12327413910983007,load_10,1.15,1724999.9999999998,6899999.999999999,4.312499999999999
pruned_p40,-162.63195,2.289777939015056,162.63195,2.289777939015046,0.24859999999999996,0.010178531328241812,0.7545500000000002,0.013769894698217556,1.9031266334563495,0.11798374701272696,load_10,1.15,1724999.9999999998,6899999.999999999,4.312499999999999
distilled_p40,-162.01732499999997,2.441074558596076,162.017325,2.441074558596072,0.25502500000000006,0.011644446101038902,0.7608499999999999,0.015377418508969575,1.8567863501518962,0.12109219827611398,load_10,1.15,1724999.9999999998,6899999.999999999,4.312499999999999
pruned_p50,-162.60845,2.2148962808673507,162.60845,2.214896280867347,0.266,0.0102591422643416,0.7300999999999999,0.012454517252788242,2.1334784983813764,0.10985275320419322,load_10,1.15,1724999.9999999998,6899999.999999999,4.312499999999999
distilled_p50,-162.02209999999997,2.4296648359393096,162.02210000000002,2.4296648359393105,0.25477500000000003,0.012628563853423713,0.7614000000000002,0.01626276421768452,1.8522292500972746,0.12276364036554145,load_10,1.15,1724999.9999999998,6899999.999999999,4.312499999999999
offload,-172.8066,3.052753787975699,172.8066,3.052753787975701,0.1265,0.008856494791959177,1.0,0.0,0.5935857180804014,0.008867307804991674,load_10,1.15,1724999.9999999998,6899999.999999999,4.312499999999999
greedy,-185.30945,0.9296715871747389,185.30945,0.9296715871747397,0.598475,0.0031552535555799664,0.268625,0.0015258194519667159,4.546459498775005,0.03111017937765619,load_10,1.15,1724999.9999999998,6899999.999999999,4.312499999999999
local,-253.97269999999975,0.8014915143031707,253.97269999999997,0.8014915143031773,0.829975,0.003005099831952341,0.0,0.0,4.950408114886283,0.004165316486532927,load_10,1.15,1724999.9999999998,6899999.999999999,4.312499999999999
random,-174.86465,1.6513958308049568,174.86465,1.6513958308049563,0.41407499999999997,0.011884364728499373,0.4969999999999999,0.014458993740921248,4.023790984499454,0.2409750751664818,load_10,1.15,1724999.9999999998,6899999.999999999,4.312499999999999
mappo,-164.89894999999996,2.358969324196487,164.89895,2.358969324196478,0.27195,0.011421361565067453,0.7555,0.014914338738274656,1.8863888855725526,0.10945838517110171,load_11,1.2000000000000002,1800000.0000000002,7200000.000000001,4.500000000000001
pruned_p10,-164.97087499999998,2.1588216150541553,164.97087499999998,2.1588216150541486,0.29907500000000004,0.010647212076407607,0.7102249999999999,0.010754911668628433,2.2134252088516946,0.09290508058983346,load_11,1.2000000000000002,1800000.0000000002,7200000.000000001,4.500000000000001
distilled_p10,-164.93834999999996,2.3302939117201533,164.93834999999999,2.330293911720148,0.2719000000000001,0.011535922156464132,0.755775,0.014914108253596665,1.8834712346583606,0.11005063288616602,load_11,1.2000000000000002,1800000.0000000002,7200000.000000001,4.500000000000001
pruned_p25,-165.17262499999998,2.273825648136852,165.172625,2.273825648136859,0.27645000000000003,0.010935492672943454,0.7359749999999999,0.011982513300639389,2.072114209648967,0.10607689292636117,load_11,1.2000000000000002,1800000.0000000002,7200000.000000001,4.500000000000001
distilled_p25,-164.93882499999995,2.3159006537684226,164.938825,2.3159006537684195,0.27217500000000006,0.01137379114455686,0.7554749999999999,0.014955956171372,1.8872332928210493,0.10687495021179659,load_11,1.2000000000000002,1800000.0000000002,7200000.000000001,4.500000000000001
pruned_p40,-165.707,2.306928463888729,165.70699999999997,2.306928463888725,0.2669,0.010992156294376458,0.7457999999999998,0.01341817796871095,1.9731832566469911,0.1235848714901091,load_11,1.2000000000000002,1800000.0000000002,7200000.000000001,4.500000000000001
distilled_p40,-164.91409999999996,2.296177163243297,164.9141,2.29617716324329,0.271475,0.012084830367034536,0.7564750000000001,0.01622823542471578,1.8801115812063216,0.11494769082626459,load_11,1.2000000000000002,1800000.0000000002,7200000.000000001,4.500000000000001
pruned_p50,-165.37255000000002,2.1589108793556044,165.37255000000002,2.1589108793556067,0.28205,0.010349396117648605,0.7230749999999999,0.011554787968630152,2.189697814539075,0.10582216265529175,load_11,1.2000000000000002,1800000.0000000002,7200000.000000001,4.500000000000001
distilled_p50,-164.93404999999998,2.3116686283937917,164.93405,2.311668628393783,0.27205,0.011442137038158565,0.755625,0.015133262206147094,1.8862877165079115,0.11082372572282741,load_11,1.2000000000000002,1800000.0000000002,7200000.000000001,4.500000000000001
offload,-175.73025,2.8822201512028887,175.73025,2.8822201512028887,0.14800000000000002,0.009905806378079477,1.0,0.0,0.5935857180804014,0.008867307804991674,load_11,1.2000000000000002,1800000.0000000002,7200000.000000001,4.500000000000001
greedy,-186.603425,0.8340700214160665,186.603425,0.8340700214160686,0.602475,0.0028338357397703897,0.269525,0.0016180621125284405,4.538059456110002,0.03418817542430637,load_11,1.2000000000000002,1800000.0000000002,7200000.000000001,4.500000000000001
local,-255.6196999999997,0.9104216591777585,255.61969999999994,0.910421659177766,0.836425,0.0033912571415332052,0.0,0.0,4.950408114886283,0.004165316486532927,load_11,1.2000000000000002,1800000.0000000002,7200000.000000001,4.500000000000001
random,-175.47834999999998,1.7348920074459842,175.47834999999998,1.7348920074459964,0.41615,0.01650537791145662,0.497975,0.019411481782697575,4.023184259080887,0.25521886579349934,load_11,1.2000000000000002,1800000.0000000002,7200000.000000001,4.500000000000001
mappo,-168.02707499999997,2.3658614658565593,168.027075,2.3658614658565695,0.28950000000000004,0.01132751075920919,0.750675,0.014219726614812253,1.9106135818511247,0.10832732985475499,load_12,1.25,1875000.0,7500000.0,4.6875
pruned_p10,-167.871875,2.0869287728921235,167.871875,2.0869287728921164,0.31395,0.01094120651482276,0.706575,0.013035552347330736,2.240676487955451,0.09858077066165716,load_12,1.25,1875000.0,7500000.0,4.6875
distilled_p10,-168.02254999999997,2.4057855001017736,168.02255000000002,2.4057855001017834,0.28885,0.011362878156523544,0.7516499999999999,0.014250964879614289,1.9062099454134704,0.11131335222791172,load_12,1.25,1875000.0,7500000.0,4.6875
pruned_p25,-167.99747499999998,2.3243798163434914,167.99747499999998,2.324379816343489,0.29212499999999997,0.010134255029354654,0.73115,0.010876695270163635,2.109804909965396,0.09103553230133939,load_12,1.25,1875000.0,7500000.0,4.6875
distilled_p25,-168.01254999999998,2.3891108827343963,168.01254999999998,2.389110882734411,0.28895,0.011328503872974573,0.751625,0.014532829215262938,1.9058768249601128,0.11284501459759248,load_12,1.25,1875000.0,7500000.0,4.6875
pruned_p40,-168.488825,2.2479964886816513,168.488825,2.2479964886816433,0.28254999999999997,0.010697429597805255,0.7391999999999999,0.012221292893961748,2.0246145446062087,0.11713832995636349,load_12,1.25,1875000.0,7500000.0,4.6875
distilled_p40,-168.02722499999996,2.3870604607183683,168.027225,2.38706046071837,0.28895,0.011864758741752822,0.7516000000000002,0.015419225012950549,1.9066301318287848,0.11628411531586279,load_12,1.25,1875000.0,7500000.0,4.6875
pruned_p50,-168.31940000000003,2.2516904793954264,168.31940000000003,2.251690479395424,0.297625,0.010387041205271116,0.71795,0.009752435593224909,2.219916363921761,0.10559519381129674,load_12,1.25,1875000.0,7500000.0,4.6875
distilled_p50,-168.01232499999995,2.3668194112827905,168.01232500000003,2.3668194112827887,0.28895,0.0115849039702537,0.751625,0.015110530268657017,1.909809122475982,0.11515351124702915,load_12,1.25,1875000.0,7500000.0,4.6875
offload,-178.720375,2.942121898498603,178.72037500000002,2.942121898498599,0.16997500000000001,0.01113690374385987,1.0,0.0,0.5935857180804014,0.008867307804991674,load_12,1.25,1875000.0,7500000.0,4.6875
greedy,-187.95805000000004,0.9063111413857896,187.95805000000001,0.9063111413857821,0.6066,0.003062270399556517,0.27040000000000003,0.0014017845768876187,4.529984708321094,0.03143405990060499,load_12,1.25,1875000.0,7500000.0,4.6875
local,-257.00922499999973,0.8336391564250063,257.00922499999996,0.8336391564250121,0.841725,0.003131393459787501,0.0,0.0,4.950408114886283,0.004165316486532927,load_12,1.25,1875000.0,7500000.0,4.6875
random,-176.332075,1.4185914583223105,176.332075,1.418591458322303,0.41957499999999986,0.01623963130739119,0.49749999999999994,0.01881156559141211,4.041467486274242,0.25137994082852366,load_12,1.25,1875000.0,7500000.0,4.6875
mappo,-170.99322499999994,2.1350627492242578,170.993225,2.135062749224246,0.30644999999999994,0.010823469868762049,0.7446499999999999,0.01281366458121954,1.9604478012591602,0.10547224523220092,load_13,1.3,1950000.0,7800000.0,4.875
pruned_p10,-170.79995000000002,2.121234751860345,170.79995000000002,2.1212347518603414,0.32825000000000004,0.011456439237389598,0.7044250000000001,0.013629494671483609,2.256640606212616,0.09425904971222349,load_13,1.3,1950000.0,7800000.0,4.875
distilled_p10,-170.97384999999997,2.100262421698779,170.97384999999997,2.1002624216987753,0.30649999999999994,0.010764525070805492,0.744425,0.012674309645893939,1.9598999502271417,0.10364859876755474,load_13,1.3,1950000.0,7800000.0,4.875
pruned_p25,-170.83162499999997,2.1822838416725294,170.83162499999997,2.1822838416725276,0.307025,0.01001214887024758,0.726625,0.010195740532202647,2.1385417334109547,0.09032424433064001,load_13,1.3,1950000.0,7800000.0,4.875
distilled_p25,-170.9494,2.1322583280409666,170.94940000000005,2.1322583280409537,0.30644999999999994,0.010840779492268995,0.74485,0.012885650934275695,1.959331106621027,0.10563693466434677,load_13,1.3,1950000.0,7800000.0,4.875
pruned_p40,-171.388125,2.1922547503939818,171.388125,2.192254750393986,0.297925,0.010190712683615414,0.7341249999999999,0.01193013516268781,2.054538449713588,0.11907815677519343,load_13,1.3,1950000.0,7800000.0,4.875
distilled_p40,-170.986725,2.154670927456221,170.986725,2.1546709274562086,0.3054,0.011339753083731582,0.7471,0.013812222847898162,1.9431561210393906,0.10820129956300673,load_13,1.3,1950000.0,7800000.0,4.875
pruned_p50,-171.0417,2.133042702924618,171.04170000000002,2.133042702924626,0.31265,0.010904815450066083,0.712475,0.010972949694589871,2.2603255446583033,0.10974585628966567,load_13,1.3,1950000.0,7800000.0,4.875
distilled_p50,-170.99384999999998,2.1945725643049614,170.99384999999998,2.1945725643049516,0.30602500000000005,0.010798408447544483,0.7459499999999999,0.013519800294383053,1.953448426800966,0.10570032956629614,load_13,1.3,1950000.0,7800000.0,4.875
offload,-181.72605,2.7753609040087057,181.72605,2.7753609040087026,0.19115000000000001,0.011537547399685948,1.0,0.0,0.5935857180804014,0.008867307804991674,load_13,1.3,1950000.0,7800000.0,4.875
greedy,-189.13367500000004,0.9518249054448181,189.13367500000004,0.9518249054448,0.610075,0.0032152954763131785,0.271,0.001436140661634507,4.521371930491924,0.03322629017086907,load_13,1.3,1950000.0,7800000.0,4.875
local,-258.3648749999997,0.7572953622101609,258.364875,0.7572953622101478,0.846875,0.0027528394431931523,0.0,0.0,4.950408114886283,0.004165316486532927,load_13,1.3,1950000.0,7800000.0,4.875
random,-177.12375,1.4720689734180161,177.12375,1.472068973418027,0.42147499999999993,0.01484859000040071,0.49935,0.017297470913402342,4.0143221649646765,0.22496459267546406,load_13,1.3,1950000.0,7800000.0,4.875
